<!-- copyright 2006 David Wolfe dave@ironwagon.com -->
<dialog buttons="accept, cancel" title="Trace Bitmap Sequence">
<vbox>
	<hbox>
		<label control="threshold" value="Color Threshold:" />
		<textbox id="threshold" value="100" />
	</hbox>
	<hbox>
		<label control="minimumArea" value="Minimum Area:" />
		<textbox id="minimumArea" value="8" />
	</hbox>
	<hbox>
		<label control="curveFit" value="Curve Fit:" />
		<menulist id="curveFit">
			<menupop>
				<menuitem label="pixels" />
				<menuitem label="very tight" />
				<menuitem label="tight" />
				<menuitem label="normal" />
				<menuitem label="smooth" />
				<menuitem label="very smooth" />
			</menupop>
		</menulist>
	</hbox>
	<hbox>
		<label control="cornerThreshold" label="Corner Threshold:" />
		<menulist id="cornerThreshold">
			<menupop>
				<menuitem label="many corners" />
				<menuitem label="normal" />
				<menuitem label="few corners" />
			</menupop>
		</menulist>
	</hbox>
</vbox>
</dialog>