<!-- copyright 2006 David Wolfe dave@ironwagon.com -->
<dialog buttons="accept, cancel" title="New Animation Clip">
<vbox>
	<hbox>
		<label control="layName" value="Layer Name:" />
		<textbox id="layName" value="" />
	</hbox>
	<hbox>
		<label control="symbName" value="Symbol Name:" />
		<textbox id="symbName" value="" />
	</hbox>
	<separator />
	<vbox>
		<label control="symbType" value="Symbol Type: " />
		
	</vbox>
</vbox>
<listbox id="symbType" rows="3"/>
    <listitem label="Graphic Symbol" value="graphic"/>
    <listitem label="Movie Clip" value="movie clip"/>
</listbox>
</dialog>