<!-- copyright 2014 David Wolfe dave@ironwagon.com -->
<dialog buttons="accept, cancel" title="Search and Replace v1.0.2">
	<grid>
		<columns>
			<column />
			<column />
		</columns>
		<rows>
			<row>
				<label control="searchFor" value="Search For:" />
				<textbox id="searchFor" value="" />
			</row>
			<row>
				<label control="replaceWith" value="Replace With:" />
				<textbox id="replaceWith" value="" />
			</row>
			<spacer />
		</rows>
	</grid>
	<radiogroup id="searchType"/>
		<radio label="Search All Items" selected = "true" />
		<radio label="Search Selected Items" />
	</radiogroup>
</dialog>